{
  "meta": {
    "slug": "coloc-abf",
    "tier": "full",
    "scenario": "distinct",
    "source": "coloc::coloc.abf 5.2.3",
    "tolerance": {
      "abs": 1e-07,
      "rel": 1e-06
    },
    "generated": "2026-07-05T21:02:41-0600",
    "generator": "equivalence/generate/coloc-abf_full_coloc.R"
  },
  "inputs": {
    "beta1": [-0.0339535279581504, -0.01321480528179818, 0.2, -0.02541147125022161, -0.004380823144182888, -0.04291647994097764, -0.02329801554310606, -0.05799937818529349, 0.009391378657181183, 0.01405956303306844],
    "se1": [0.03, 0.03, 0.03, 0.03, 0.03, 0.03, 0.03, 0.03, 0.03, 0.03],
    "beta2": [-0.004153202093409514, 0.03539647397659662, -0.02327648922207905, -0.003210174015617792, 0.05009011419614164, -0.007746684370319128, 0.22, -0.01683903595494349, 0.02872101209573504, 0.04335257775563077],
    "se2": [0.035, 0.035, 0.035, 0.035, 0.035, 0.035, 0.035, 0.035, 0.035, 0.035],
    "W1": 0.04000000000000001,
    "W2": 0.04000000000000001,
    "p1": 0.0001,
    "p2": 0.0001,
    "p12": 1e-05
  },
  "reference": {
    "pp": [6.743869955169983e-09, 0.0002746555235643482, 2.454641806458769e-05, 0.9996944346653516, 6.356649148486135e-06]
  }
}
