{
  "meta": {
    "slug": "coloc-abf",
    "tier": "full",
    "scenario": "shared",
    "source": "coloc::coloc.abf 5.2.3",
    "tolerance": {
      "abs": 1e-07,
      "rel": 1e-06
    },
    "generated": "2026-07-05T21:02:41-0600",
    "generator": "equivalence/generate/coloc-abf_full_coloc.R"
  },
  "inputs": {
    "beta1": [-0.009781094715461567, 0.01657385566257415, -0.02024831531867491, 0.16, 0.00932307651940807, 0.03521898862688097, 0.01856369566877904, -0.003382029442626436, 0.02751084868538136, -0.006697780938817877],
    "se1": [0.03, 0.03, 0.03, 0.03, 0.03, 0.03, 0.03, 0.03, 0.03, 0.03],
    "beta2": [0.01579344296620927, -0.02384533306245165, 0.04283266634049109, 0.15, -0.007100501358086871, -0.005800138949925011, -0.02549264221001584, 0.00175396493548505, -0.02453011067627874, -0.06150923446918894],
    "se2": [0.035, 0.035, 0.035, 0.035, 0.035, 0.035, 0.035, 0.035, 0.035, 0.035],
    "W1": 0.04000000000000001,
    "W2": 0.04000000000000001,
    "p1": 0.0001,
    "p2": 0.0001,
    "p12": 1e-05
  },
  "reference": {
    "pp": [0.0004764450235039068, 0.007762352170233302, 6.09890757517626e-05, 1.949819640442383e-06, 0.9916982639108702]
  }
}
