{
  "meta": {
    "slug": "propcoloc-pairwise",
    "tier": "full",
    "source": "colocPropTest::estprop 0.9.3",
    "tolerance": {
      "abs": 1e-07,
      "rel": 1e-06
    },
    "generator": "equivalence/generate/proportional-colocalisation_full_colocproptest.R"
  },
  "inputs": {
    "beta1": [
      [0.2, 0.05],
      [0.22, 0.02],
      [0.15, 0.14]
    ],
    "vbeta1": [
      [0.0009, 0.001225],
      [0.0009, 0.0009],
      [0.0007840000000000001, 0.0009]
    ],
    "beta2": [
      [0.18, 0.06],
      [0.03, 0.19],
      [0.16, 0.02]
    ],
    "vbeta2": [
      [0.001024, 0.0009609999999999999],
      [0.0009609999999999999, 0.001089],
      [0.001089, 0.0009609999999999999]
    ],
    "rho": [0.6, 0.5, 0.7]
  },
  "reference": {
    "chisquare": [0.1545297251349316, 32.506189167673888, 14.927113597627429],
    "eta": [0.8699666722579468, -0.4080761160463524, 1.591299878991955],
    "p": [0.694243637143353, 1.18813544878196e-08, 0.0001117453795285217]
  }
}
