{
  "meta": {
    "slug": "propcoloc-run",
    "tier": "full",
    "scenario": "shared",
    "source": "colocPropTest::run_proptests 0.9.3",
    "tolerance": {
      "abs": 1e-06,
      "rel": 1e-06
    },
    "seed": 101,
    "generator": "equivalence/generate/proportional-colocalisation_full_colocproptest.R"
  },
  "inputs": {
    "beta1": [0.2934792701896923, 0.003326222732736133, -0.01010033789150867, -0.001208909373011913, 0.000494075258618496, 0.0114138766483409],
    "vbeta1": [0.0009, 0.0009, 0.0009, 0.0009, 0.0009, 0.0009],
    "beta2": [0.3123757971125193, 0.007052889898247461, 0.0199359295932678, 0.008701789835589922, 0.0172386493197919, 0.002554704130661046],
    "vbeta2": [0.001225, 0.001225, 0.001225, 0.001225, 0.001225, 0.001225],
    "LD": [
      [1, 0.7, 0.7, 0.7, 0.7, 0.7],
      [0.7, 1, 0.7, 0.7, 0.7, 0.7],
      [0.7, 0.7, 1, 0.7, 0.7, 0.7],
      [0.7, 0.7, 0.7, 1, 0.7, 0.7],
      [0.7, 0.7, 0.7, 0.7, 1, 0.7],
      [0.7, 0.7, 0.7, 0.7, 0.7, 1]
    ],
    "pairs": [
      [1, 1, 1, 1, 1, 2, 2, 2, 2, 3, 3, 3, 4, 4, 5],
      [2, 3, 4, 5, 6, 3, 4, 5, 6, 4, 5, 6, 5, 6, 6]
    ],
    "ntests": 15
  },
  "reference": {
    "chisquare": [0.005624388485157652, 0.4250594198911909, 0.04509529111125367, 0.1290006617805986, 0.04245886464237716, 0.04796088224706744, 0.03928707851906665, 0.01814290639555341, 0.04743276029262346, 0.013315593810419, 0.1354991902714625, 0.08763876307944153, 0.004290598878637638, 0.05196067371974784, 0.1294360711449389],
    "p": [0.9402179556355971, 0.5144232275297902, 0.8318289050439968, 0.7194704453360654, 0.8367475670616822, 0.8266502571890368, 0.8428810116797836, 0.89285254708244, 0.8275922423344169, 0.9081334575691831, 0.7127970704047476, 0.7672007188901314, 0.9477737860114143, 0.8196860131039297, 0.7190174575792806],
    "adjusted": [1, 1, 1, 1, 1, 1, 1, 1, 1, 1, 1, 1, 1, 1, 1],
    "min_adjusted": 1
  }
}
