{
  "meta": {
    "slug": "propcoloc-run",
    "tier": "full",
    "scenario": "distinct",
    "source": "colocPropTest::run_proptests 0.9.3",
    "tolerance": {
      "abs": 1e-06,
      "rel": 1e-06
    },
    "seed": 202,
    "generator": "equivalence/generate/proportional-colocalisation_full_colocproptest.R"
  },
  "inputs": {
    "beta1": [0.2773643146945664, -0.02213648545494297, -0.0228141260938878, -0.03025834543924165, -0.02386502276581572, -0.03947348135824345],
    "vbeta1": [0.0009, 0.0009, 0.0009, 0.0009, 0.0009, 0.0009],
    "beta2": [-0.01553201036207071, -0.03848563446746702, -0.01816800749239067, 0.2847805230112141, -0.02141569115469859, -0.005980808079645841],
    "vbeta2": [0.001225, 0.001225, 0.001225, 0.001225, 0.001225, 0.001225],
    "LD": [
      [1, 0.7, 0.7, 0.7, 0.7, 0.7],
      [0.7, 1, 0.7, 0.7, 0.7, 0.7],
      [0.7, 0.7, 1, 0.7, 0.7, 0.7],
      [0.7, 0.7, 0.7, 1, 0.7, 0.7],
      [0.7, 0.7, 0.7, 0.7, 1, 0.7],
      [0.7, 0.7, 0.7, 0.7, 0.7, 1]
    ],
    "pairs": [
      [1, 1, 1, 1, 1, 2, 2, 2, 2, 3, 3, 3, 4, 4, 5],
      [2, 3, 4, 5, 6, 3, 4, 5, 6, 4, 5, 6, 5, 6, 6]
    ],
    "ntests": 15
  },
  "reference": {
    "chisquare": [1.150527326388932, 0.2751230918391953, 36.721319525890131, 0.3746712203020098, 0.04487260431914513, 0.2281143253503174, 0.6313394902169681, 0.2001408513565975, 1.715102942715623, 0.6204567469987664, 0.00489190892657217, 0.3353098865888766, 0.6817714620909037, 1.735537531513824, 0.49585295500228],
    "p": [0.2834387889569969, 0.5999156790789403, 1.362808752810587e-09, 0.5404689979880221, 0.8322384560006765, 0.6329255664537254, 0.4268644054415064, 0.6546071788822505, 0.1903246260995353, 0.4308776065744241, 0.9442396783465467, 0.562549036652517, 0.4089773942032026, 0.187705245756848, 0.4813279874271972],
    "adjusted": [1, 1, 2.044213129215881e-08, 1, 1, 1, 1, 1, 1, 1, 1, 1, 1, 1, 1],
    "min_adjusted": 2.044213129215881e-08
  }
}
